gene,pdb_id,resolution,chain,seq_start,seq_end,uniprot_id,assoc_gene,length,mutant,mutations,pair,notes
EGFR,7SI1,1.6,A,695,1022,P00533,EGFR,328,N,,,
EGFR,7UKV,2.4,A,695,1022,P00533,EGFR,328,N,,,
EGFR,3POZ,1.5,A,696,1022,P00533,EGFR,327,N,,,
EGFR,8F1X,2.3,A,695,1022,P00533,EGFR,328,N,,,
EGFR,4LQM,2.5,A,694,1022,P00533,EGFR,329,Y,L858R,,
EGFR,2ITZ,2.8,A,696,1022,P00533,EGFR,327,Y,L858R,,
EGFR,6JWL,2.55,A,696,1022,P00533,EGFR,327,Y,L858R,,
EGFR,5X26,2.95,A,696,1022,P00533,EGFR,327,Y,L858R,,
EGFR,5X27,2.95,A,696,1022,P00533,EGFR,327,Y,L858R,,
EGFR,5X28,2.95,A,696,1022,P00533,EGFR,327,Y,L858R,,
KRAS,4EPR,2,A,1,169,P01116,KRAS,169,Y,g12d,,
KRAS,4L8G,1.52,A,1,169,P01116,KRAS,169,Y,g12c,,
KRAS,4LDJ,1.15,A,1,169,P01116,KRAS,169,Y,g12c,,
KRAS,6GJ7,1.67,A,1,169,P01116,KRAS,169,Y,g12d,,
KRAS,6GOD,1.98,A,1,188,P01116,KRAS,188,N,,,
KRAS,6GOE,1.6,A,2,171,P01116,KRAS,170,Y,g12v,,
KRAS,6GOF,1.98,A,2,172,P01116,KRAS,171,Y,g12d,,
KRAS,6MBQ,1.35,A,2,166,P01116,KRAS,165,N,,,
KRAS,7C40,2.52,A,1,168,P01116,KRAS,168,Y,g12v,,
KRAS,8AFB,1.12,A,1,164,P01116,KRAS,164,Y,g12d,,
KRAS,8AZX,1.04,A,1,164,P01116,KRAS,164,Y,g12d,,
KRAS,8AZZ,1.02,A,1,164,P01116,KRAS,164,Y,g12v,,
KRAS,8TXG,1.5,A,1,169,P01116,KRAS,169,Y,g12d,,
BRAF,3II5,2.79,A,431,725,P15056,BRAF,295,N,,,
BRAF,3II5,2.79,B,431,725,P15056,BRAF,295,N,,,
BRAF,3Q4C,3.2,A,431,725,P15056,BRAF,295,N,,,
BRAF,3Q4C,3.2,B,431,725,P15056,BRAF,295,N,,,
BRAF,3PRF,2.9,A,432,726,P15056,BRAF,295,N,,,
BRAF,3PRF,2.9,B,432,726,P15056,BRAF,295,N,,,
BRAF,3PPK,3,A,432,726,P15056,BRAF,295,N,,,
BRAF,3PPK,3,B,432,726,P15056,BRAF,295,N,,,
BRAF,3D4Q,2.8,A,433,726,P15056,BRAF,294,N,,,
BRAF,3D4Q,2.8,B,433,726,P15056,BRAF,294,N,,,
BRAF,5FD2,2.89,A,433,726,P15056,BRAF,294,N,,,
BRAF,5FD2,2.89,B,433,726,P15056,BRAF,294,N,,,
BRAF,4.00E+26,2.55,A,432,726,P15056,BRAF,295,N,,,
BRAF,4.00E+26,2.55,B,432,726,P15056,BRAF,295,N,,,
BRAF,5C9C,2.7,A,431,725,P15056,BRAF,295,Y,V600E,,
BRAF,5C9C,2.7,B,431,725,P15056,BRAF,295,Y,V600E,,
BRAF,3IDP,2.7,B,434,727,P15056,BRAF,294,Y,V600E,,
BRAF,3IDP,2.7,A,434,727,P15056,BRAF,294,Y,V600E,,
BRAF,4MNF,2.8,A,432,736,P15056,BRAF,305,Y,V600E,,
BRAF,4MNF,2.8,B,432,736,P15056,BRAF,305,Y,V600E,,
BRAF,4G9R,3.2,A,432,726,P15056,BRAF,295,Y,V600E,,
BRAF,4G9R,3.2,B,432,726,P15056,BRAF,295,Y,V600E,,
MAP2K1,4LMN,2.8,A,62,393,Q02750,MAP2K1,332,N,,,
MAP2K1,4U7Z,2.81,A,62,393,Q02750,MAP2K1,332,N,,,
MAP2K1,3E8N,2.5,A,62,393,Q02750,MAP2K1,332,N,,,
MAP2K1,3DY7,2.7,A,62,393,Q02750,MAP2K1,332,N,,,
MAP2K1,3V04,2.7,A,62,393,Q02750,MAP2K1,332,N,,,
MAP2K1,4U81,2.7,A,62,393,Q02750,MAP2K1,332,N,,,
MAP2K1,4U80,2.8,A,62,393,Q02750,MAP2K1,332,N,,,
MAP2K1,3PP1,2.7,A,62,382,Q02750,MAP2K1,321,N,,,
EED,7SI5,1.75,A,40,441,O75530,EED,402,N,,,
EED,7SI4,1.9,A,40,441,O75530,EED,402,N,,,
EED,3JPX,2.05,A,40,441,O75530,EED,402,N,,,
EED,3JZG,2.1,A,40,441,O75530,EED,402,N,,,
EED,3K26,1.58,A,76,441,O75530,EED,366,N,,,
EED,3K27,1.76,A,76,441,O75530,EED,366,N,,,
EED,5U5H,1.8,A,76,441,O75530,EED,366,N,,,
EED,5H13,1.9,A,76,441,O75530,EED,366,N,,,
EED,5U5K,2.33,A,76,441,O75530,EED,366,N,,,
KDR,1Y6A,2.1,A,804,1169,P35968,KDR,366,N,,,
KDR,1Y6B,2.1,A,804,1169,P35968,KDR,366,N,,,
KDR,3VHK,2.49,A,806,1171,P35968,KDR,366,N,,,
KDR,3VHE,1.55,A,811,1169,P35968,KDR,359,N,,,
KDR,3VID,2.3,A,813,1168,P35968,KDR,356,N,,,
FGFR2,4J96,2.3,A,458,768,P21802,FGFR2,311,Y,"K659M, C491A",,
FGFR2,4J96,2.3,B,458,768,P21802,FGFR2,311,Y,"K659M, C491A",,
FGFR2,4J98,2.31,A,458,768,P21802,FGFR2,311,Y,"K659M, C491A",,
FGFR2,4J98,2.31,B,458,768,P21802,FGFR2,311,Y,"K659M, C491A",,
FGFR2,6LVK,2.29,A,459,768,P21802,FGFR2,310,N,,,
FGFR2,6LVK,2.29,B,459,768,P21802,FGFR2,310,N,,,
FGFR2,6LVL,2.98,A,459,768,P21802,FGFR2,310,N,,,
FGFR2,6LVL,2.98,B,459,768,P21802,FGFR2,310,N,,,
ERBB2,2A91,2.5,A,1,509,P04626,ERBB2,509,N,,,
AKT1,2UVM,1.94,A,1,123,P31749,AKT1,123,N,,,
AKT1,1UNR,1.25,A,1,123,P31749,AKT1,123,N,,,
AKT1,1UNQ,0.98,A,1,123,P31749,AKT1,123,N,,,
AKT1,2UZR,1.94,A,1,123,P31749,AKT1,123,Y,E17K,,most common cancer mutation!!
AKT1,2UZS,2.46,A,1,123,P31749,AKT1,123,Y,E17K,,
HGF,3HMS,1.7,A,28,126,P14210,HGF,99,N,,,
EPHA3,2QOD,1.15,A,577,947,Q6P4R6,EPHA3,371,Y,Y602F,,
EPHA3,2QOF,1.2,A,577,947,Q6P4R6,EPHA3,371,Y,Y596F,,
EPHA3,2QOI,1.25,A,577,947,Q6P4R6,EPHA3,371,Y,"Y602F, Y596F",,
EPHA3,2QOL,1.07,A,577,947,Q6P4R6,EPHA3,371,Y,"Y596F, Y602F, S768G",,
EPHA3,2QOK,1.2,A,577,947,Q6P4R6,EPHA3,371,Y,"Y596F, Y602F, S768A",,
EPHA3,2QOO,1.25,A,577,947,Q6P4R6,EPHA3,371,N,,,
EPHA3,2QO2,1.6,A,577,947,Q6P4R6,EPHA3,371,N,,,apo structure
EPHA3,2QOQ,1.6,A,577,947,Q6P4R6,EPHA3,371,N,,,
EPHA3,2QO7,1.61,A,577,947,Q6P4R6,EPHA3,371,N,,,
EPHA3,3FXX,1.7,A,577,947,P29320,EPHA3,371,N,,,
EPHA3,2GSF,1.77,A,577,947,P29320,EPHA3,371,N,,,
EPHA3,2QO9,1.55,A,577,947,Q6P4R6,EPHA3,371,N,,,
NOTCH1,3ETO,2,A,1447,1734,P46531,NOTCH1,288,N,,,
NOTCH1,3ETO,2,B,1447,1734,P46531,NOTCH1,288,N,,,
KIF5B,1MKJ,2.7,A,1,349,P33176,KIF5B,349,N,,,
KIF5B,1BG2,1.8,A,1,325,P33176,KIF5B,325,N,,,
KIF5B,5LT0,2,A,1,325,Q6P164,KIF5B,325,Y,"C7S, C65A, C168A, C174S, C294A",,
SMARCA4,2GRC,1.5,A,1448,1575,P51532,SMARCA4,128,,,,
SMARCA4,3UVD,1.85,A,1448,1569,P51532,SMARCA4,122,,,,
RB1,4ELL,1.98,A,380,787,P06400,RB1,408,Y,"L561F, S608E, S612A, S780A",,
RB1,4ELL,1.98,B,380,787,P06400,RB1,408,Y,"L561F, S608E, S612A, S780A",,
RB1,3POM,2.5,A,380,577,P06400,RB1,198,N,,,
RB1,3POM,2.5,B,380,577,P06400,RB1,198,N,,,
BIRC6,8E2H,2.3,A,1,4857,Q9NR09,BIRC6,4857,N,,,
BIRC6,8E2F,2.47,A,1,4857,Q9NR09,BIRC6,4857,N,,,
BIRC6,8E2G,2.99,A,1,4857,Q9NR09,BIRC6,4857,N,,,
SIRPA,2WNG,2.49,A,1,319,P78324,SIRPA,319,N,,,has a lot of mismatches between pdb and uniprot. but isn't marked as mutation
PTPN13,1WCH,1.85,A,2163,2477,Q12923,PTPN13,315,N,,,
ERBB4,2AHX,2.4,A,1,616,Q15303,ERBB4,616,Y,G549D,,
ERBB4,2AHX,2.4,B,1,616,Q15303,ERBB4,616,Y,G549D,,
ERBB4,3U2P,2.57,A,1,497,Q15303,ERBB4,497,N,,,
ERBB4,3BCE,2.5,A,677,1004,Q15303,ERBB4,328,N,,,
ERBB4,3BCE,2.5,B,677,1004,Q15303,ERBB4,328,N,,,
ERBB4,3BCE,2.5,C,677,1004,Q15303,ERBB4,328,N,,,
ERBB4,2R4B,2.4,A,690,999,Q15303,ERBB4,310,N,,,
ERBB4,2R4B,2.4,B,690,999,Q15303,ERBB4,310,N,,,
NTRK2,4ASZ,1.7,A,543,838,Q16620,NTRK2,296,N,,,
NTRK2,4AT5,1.71,A,543,838,Q16620,NTRK2,296,N,,,
NTRK2,4AT3,1.77,A,543,838,Q16620,NTRK2,296,N,,,
NTRK2,4AT4,2.36,A,543,838,Q16620,NTRK2,296,N,,,
NTRK2,1WWB,2.1,X,283,385,Q16620,NTRK2,103,N,,,
PTPRD,6X3A,1.77,A,607,916,P23468,PTPRD,310,N,,,
EZR,4RM8,1.9,A,1,586,P15311,EZR,586,N,,,
EZR,4RM8,1.9,B,1,586,P15311,EZR,586,N,,,
EZR,4RMA,1.75,A,1,296,P15311,EZR,296,N,,,
EZR,4RMA,1.75,B,1,296,P15311,EZR,296,N,,,
EZR,1NI2,2.3,A,2,297,P15311,EZR,296,N,,,
EZR,1NI2,2.3,B,2,297,P15311,EZR,296,N,,,
SUB1,2C62,1.74,A,63,127,P53999,SUB1,65,N,,,
SUB1,2C62,1.74,B,63,127,P53999,SUB1,65,N,,,
SUB1,4USG,1.97,A,63,127,P53999,SUB1,65,Y,W89Y,,
SUB1,4USG,1.97,B,63,127,P53999,SUB1,65,Y,W89Y,,
DDR2,6FER,2.87,A,600,902,Q16832,DDR2,303,N,,,
DDR2,6FER,2.87,B,600,902,Q16832,DDR2,303,N,,,
DDR2,6FER,2.87,C,600,902,Q16832,DDR2,303,N,,,
DDR2,6FER,2.87,D,600,902,Q16832,DDR2,303,N,,,
DDR2,6FER,2.87,E,600,902,Q16832,DDR2,303,N,,,
DDR2,6FER,2.87,F,600,902,Q16832,DDR2,303,N,,,
DDR2,6FER,2.87,G,600,902,Q16832,DDR2,303,N,,,
DDR2,6FER,2.87,H,600,902,Q16832,DDR2,303,N,,,
DDR2,6FER,2.87,I,600,902,Q16832,DDR2,303,N,,,
DDR2,6FER,2.87,J,600,902,Q16832,DDR2,303,N,,,
DDR2,6FER,2.87,K,600,902,Q16832,DDR2,303,N,,,
DDR2,6FER,2.87,L,600,902,Q16832,DDR2,303,N,,,
N4BP2,3FAU,1.9,A,11,90,Q86UW6,N4BP2,80,N,,,
N4BP2,3FAU,1.9,B,11,90,Q86UW6,N4BP2,80,N,,,
N4BP2,3FAU,1.9,C,11,90,Q86UW6,N4BP2,80,N,,,
N4BP2,3FAU,1.9,D,11,90,Q86UW6,N4BP2,80,N,,,
ROS1,7Z5X,2.04,A,1930,2256,P08922,ROS1,327,N,,,
ROS1,7Z5X,2.04,B,1930,2256,P08922,ROS1,327,N,,,
ROS1,7Z5W,2.25,A,1930,2256,P08922,ROS1,327,N,,,
ROS1,7Z5W,2.25,B,1930,2256,P08922,ROS1,327,N,,,
ROS1,3ZBF,2.2,A,1934,2232,P08922,ROS1,299,N,,,
TPR,5TO5,2.5,A,2,142,P12270,TPR,141,N,,,
TPR,5TO5,2.5,B,2,142,P12270,TPR,141,N,,,
TPR,5TVB,2.75,A,2,142,P12270,TPR,141,N,,,
TPR,5TVB,2.75,B,2,142,P12270,TPR,141,N,,,
HIP1,3I00,2.3,A,361,480,O00291,HIP1,120,N,,,
HIP1,3I00,2.3,B,361,480,O00291,HIP1,120,N,,,
HIP1,2NO2,2.8,A,482,586,O00291,HIP1,105,N,,,
MAP2K2,1S9I,3.2,A,55,400,P36507,MAP2K2,346,N,,,
MAP2K2,1S9I,3.2,B,55,400,P36507,MAP2K2,346,N,,,
EML4,4CGC,2.9,A,6,64,Q9HC35,EML4,59,Y,I38M,,
EML4,4CGC,2.9,B,6,64,Q9HC35,EML4,59,Y,I38M,,
EML4,4CGC,2.9,C,6,64,Q9HC35,EML4,59,Y,I38M,,
MB21D2,7LT1,2.4,A,29,491,Q8IYB1,MB21D2,463,N,,,
MB21D2,7LT1,2.4,B,29,491,Q8IYB1,MB21D2,463,N,,,
PTPRT,2OOQ,1.8,A,890,1173,O14522,PTPRT,284,N,,,
PTPRT,2OOQ,1.8,B,890,1173,O14522,PTPRT,284,N,,,
RFWD3,6CVZ,1.8,A,425,774,Q6PCD5,RFWD3,350,N,,,
RFWD3,6CVZ,1.8,B,425,774,Q6PCD5,RFWD3,350,N,,,
RFWD3,6CVZ,1.8,C,425,774,Q6PCD5,RFWD3,350,N,,,
KEAP1,8EJR,2.08,A,312,624,Q14145,KEAP1,313,N,,,"has another molecule...but very small, might affect NS"
KEAP1,8EJR,2.08,B,312,624,Q14145,KEAP1,313,N,,,"has another molecule...but very small, might affect NS"
KEAP1,5WFL,1.93,A,312,624,Q14145,KEAP1,313,Y,,,
KEAP1,5WFL,1.93,B,312,624,Q14145,KEAP1,313,Y,,,
KEAP1,5WHL,2.5,A,312,624,Q14145,KEAP1,313,Y,,,
KEAP1,5WHL,2.5,B,312,624,Q14145,KEAP1,313,Y,,,
KEAP1,7K2F,2.37,X,312,623,Q14145,KEAP1,312,N,,,"has another molecule...but very small, might affect NS"
KEAP1,7K2F,2.37,A,312,623,Q14145,KEAP1,312,N,,,"has another molecule...but very small, might affect NS"
KEAP1,7K2A,1.9,A,324,624,Q14145,KEAP1,301,N,,,"has another molecule...but very small, might affect NS"
KEAP1,7K2A,1.9,B,324,624,Q14145,KEAP1,301,N,,,"has another molecule...but very small, might affect NS"
KEAP1,7K2K,1.98,A,324,624,Q14145,KEAP1,301,N,,,"has another molecule...but very small, might affect NS"
KEAP1,7K2K,1.98,B,324,624,Q14145,KEAP1,301,N,,,"has another molecule...but very small, might affect NS"
KEAP1,7K2E,2.03,A,324,624,Q14145,KEAP1,301,N,,,"has another molecule...but very small, might affect NS"
KEAP1,7K2E,2.03,B,324,624,Q14145,KEAP1,301,N,,,"has another molecule...but very small, might affect NS"
KEAP1,7K29,2.2,A,324,624,Q14145,KEAP1,301,Y,,,"has another molecule...but very small, might affect NS"
KEAP1,7K29,2.2,B,324,624,Q14145,KEAP1,301,Y,,,"has another molecule...but very small, might affect NS"
KEAP1,7K2D,2.21,A,324,623,Q14145,KEAP1,300,N,,,"has another molecule...but very small, might affect NS"
KEAP1,7K2D,2.21,B,324,623,Q14145,KEAP1,300,N,,,"has another molecule...but very small, might affect NS"
KEAP1,5WFV,1.91,A,320,612,Q14145,KEAP1,293,Y,,,"has another molecule...but very small, might affect NS"
KEAP1,5WFV,1.91,B,320,612,Q14145,KEAP1,293,Y,,,"has another molecule...but very small, might affect NS"
KEAP1,5WG1,2.02,A,320,612,Q14145,KEAP1,293,Y,,,"has another molecule...but very small, might affect NS"
KEAP1,5WG1,2.02,B,320,612,Q14145,KEAP1,293,Y,,,"has another molecule...but very small, might affect NS"
TP53,4LOE,1.85,A,94,312,P04637,TP53,219,Y,N239Y,,not a very common mutation in cancer
TP53,4LOE,1.85,B,94,312,P04637,TP53,219,Y,N239Y,,not a very common mutation in cancer
TP53,4LOE,1.85,C,94,312,P04637,TP53,219,Y,N239Y,,not a very common mutation in cancer
TP53,4LOE,1.85,D,94,312,P04637,TP53,219,Y,N239Y,,not a very common mutation in cancer
TP53,2OCJ,2.05,A,94,312,P04637,TP53,219,N,,,without DNA!! Good
TP53,2OCJ,2.05,B,94,312,P04637,TP53,219,N,,,without DNA!! Good
TP53,2OCJ,2.05,C,94,312,P04637,TP53,219,N,,,without DNA!! Good
TP53,2OCJ,2.05,D,94,312,P04637,TP53,219,N,,,without DNA!! Good
TP53,4LO9,2.5,A,94,312,P04637,TP53,219,Y,N235K,,
TP53,4LO9,2.5,B,94,312,P04637,TP53,219,Y,N235K,,
TP53,4LO9,2.5,C,94,312,P04637,TP53,219,Y,N235K,,
TP53,4LO9,2.5,D,94,312,P04637,TP53,219,Y,N235K,,
TP53,2J1Y,1.69,A,94,293,P04637,TP53,200,Y,"M133L, V203A, N239Y, G245S, N268D",,
TP53,2J1Y,1.69,B,94,293,P04637,TP53,200,Y,"M133L, V203A, N239Y, G245S, N268D",,
TP53,2J1Y,1.69,C,94,293,P04637,TP53,200,Y,"M133L, V203A, N239Y, G245S, N268D",,
TP53,2J1Y,1.69,D,94,293,P04637,TP53,200,Y,"M133L, V203A, N239Y, G245S, N268D",,
TP53,4IBT,1.7,A,94,293,P04637,TP53,200,Y,"R273H, T284R",,
TP53,4IBT,1.7,B,94,293,P04637,TP53,200,Y,"R273H, T284R",,
TP53,4IBT,1.7,C,94,293,P04637,TP53,200,Y,"R273H, T284R",,
TP53,4IBT,1.7,D,94,293,P04637,TP53,200,Y,"R273H, T284R",,
TP53,4IBS,1.78,A,94,293,P04637,TP53,200,Y,R273H,,
TP53,4IBS,1.78,B,94,293,P04637,TP53,200,Y,R273H,,
TP53,4IBS,1.78,C,94,293,P04637,TP53,200,Y,R273H,,
TP53,4IBS,1.78,D,94,293,P04637,TP53,200,Y,R273H,,
TP53,4IBQ,1.8,A,94,293,P04637,TP53,200,Y,R273C,,
TP53,4IBQ,1.8,B,94,293,P04637,TP53,200,Y,R273C,,
TP53,4IBQ,1.8,C,94,293,P04637,TP53,200,Y,R273C,,
TP53,4IBQ,1.8,D,94,293,P04637,TP53,200,Y,R273C,,
TP53,4IBZ,1.92,A,94,293,P04637,TP53,200,Y,"R273C, T284R",,
TP53,4IBZ,1.92,B,94,293,P04637,TP53,200,Y,"R273C, T284R",,
TP53,4IBZ,1.92,C,94,293,P04637,TP53,200,Y,"R273C, T284R",,
TP53,4IBZ,1.92,D,94,293,P04637,TP53,200,Y,"R273C, T284R",,
TP53,7V97,2.02,A,94,293,P04637,TP53,200,Y,V272M,,
TP53,7V97,2.02,B,94,293,P04637,TP53,200,Y,V272M,,
TP53,7V97,2.02,C,94,293,P04637,TP53,200,Y,V272M,,
TP53,7V97,2.02,D,94,293,P04637,TP53,200,Y,V272M,,
TP53,6FF9,2,A,97,289,P04637,TP53,193,Y,R280K,,
TP53,6FF9,2,B,97,289,P04637,TP53,193,Y,R280K,,
TP53,6FF9,2,C,97,289,P04637,TP53,193,Y,R280K,,
TP53,6FF9,2,D,97,289,P04637,TP53,193,Y,R280K,,
TP53,7DHY,2.15,A,94,293,P04637,TP53,200,Y,G245S,,
TP53,7DHY,2.15,B,94,293,P04637,TP53,200,Y,G245S,,
TP53,7DHY,2.15,C,94,293,P04637,TP53,200,Y,G245S,,
TP53,7DHY,2.15,D,94,293,P04637,TP53,200,Y,G245S,,
ALK,3AOX,1.75,A,1069,1411,Q9UM73,ALK,343,N,,,
ALK,4FNX,1.7,A,1084,1410,Q9UM73,ALK,327,Y,R1275K,pair1,most common cancer mutation in ALK (not by a lot tho)
ALK,4FNW,1.75,A,1084,1410,Q9UM73,ALK,327,Y,F1174L,pair1,2nd most common
ALK,5IUI,1.88,A,1084,1410,Q9UM73,ALK,327,Y,yes but is paired with the other 2,pair1,
ALK,5IUG,1.93,A,1084,1410,Q9UM73,ALK,327,Y,,pair1,
ALK,4FNY,2.45,A,1084,1410,Q9UM73,ALK,327,Y,R1275K,pair2,
ALK,4FNZ,2.6,A,1084,1410,Q9UM73,ALK,327,Y,,pair1,
ALK,8ARJ,1.65,A,1093,1411,Q9UM73,ALK,319,N,,,
ALK,4CMT,1.73,A,1093,1411,Q9UM73,ALK,319,N,,,
ALK,4CTB,1.79,A,1093,1411,Q9UM73,ALK,319,N,,,
ALK,2YJR,1.9,A,1093,1411,Q9UM73,ALK,319,Y,F1174L,,
ALK,7R7R,1.94,A,1093,1411,Q9UM73,ALK,319,N,,,
ALK,5IMX,2.12,A,1093,1411,Q9UM73,ALK,319,N,,,
ALK,6CDT,1.8,A,1093,1411,Q9UM73,ALK,319,N,,,
